filename,plate,ocr_label
470149568-frame-034494_jpg.rf.50aaac815ca7642d8a6520ce17e269ed.jpg,1,2.0
VW_CH3IRobotVsEvolution_BO2_1_47_jpg.rf.49ec9de161e56432ef7065b0db9d0eda.jpg,1,3.0
252_jpg.rf.b778b2d8a5cc4bd95b6f21fb8c2caecd.jpg,1,3.0
470152730-frame-049828_jpg.rf.b63c1592fa6d67bc89c7cef8db2824da.jpg,1,1.0
470152730-frame-025747_jpg.rf.4e636a88d6f75ed5c07ca8503f176f71.jpg,1,1.0
EvolutionVs-_BO3_2_373_jpg.rf.effc23ad5d5f75f9d5cea0e1a20b7fc8.jpg,1,3.0
-VsHLL_BO2_2_67_jpg.rf.c42648de36ebe4876784a8c48ce3a8a1.jpg,1,2.0
-VsHLL_BO2_2_296_jpg.rf.f560dbefb898d7f1fedeb8669201bfe7.jpg,1,2.0
-VsHLL_BO2_2_51_jpg.rf.3b7591e8885915be8f091d4018e403fd.jpg,1,2.0
470152730-frame-025757_jpg.rf.c81fd33567495884a1d71dda5d31dea4.jpg,1,2.0
470152730-frame-025755_jpg.rf.193c94019625a64b69f3eb51833636a4.jpg,1,2.0
EvolutionVs-_BO3_2_419_jpg.rf.0756c56ebce64d44148d31b9dd3f6cf9.jpg,1,2.0
956_jpg.rf.f1db33f8ff666070918acac255b0172f.jpg,1,3.0
-VsHLL_BO2_2_87_jpg.rf.2feb8bc2252de97bcc26a140b3d5fdc4.jpg,1,2.0
395_jpg.rf.479f47021e2b0fa058df29e15122bfc8.jpg,1,3.0
-Vs-_BO5_2_271_jpg.rf.8bcc6e08686d3b56c91e8cd8bc8ace1a.jpg,1,2.0
TDTVsI-Hiter_BO5_3_17_jpg.rf.1e0040729ea2d0edba960635abfa18a7.jpg,1,2.0
470152838-frame-076000_jpg.rf.11d864c8c815a901b190bc9f502ba0b1.jpg,1,1.0
EvolutionVs-_BO3_2_420_jpg.rf.f94f3569c2a291a09d5216eb13516749.jpg,1,2.0
470152838-frame-076252_jpg.rf.84995cafbd6485ecbd9cfc5725d7dc48.jpg,1,2.0
-Vs-_BO5_2_279_jpg.rf.c029f63d7490bef4f04d3dc8a68f8aeb.jpg,1,2.0
VW_CH3IRobotVsEvolution_BO2_1_88_jpg.rf.286b489ff71c3f13019d57a176d95339.jpg,1,1.0
953_jpg.rf.38a70f8bc51b552c2085eacaac714ffd.jpg,1,3.0
-Vs-_BO5_2_291_jpg.rf.dc1a5a99727af70ef0006812f80de012.jpg,1,2.0
-Vs-_BO5_2_275_jpg.rf.088029c696065c13d138890bc095d09b.jpg,1,2.0
796_jpg.rf.bb0423d04dddc2abcaf848ff20d1df4d.jpg,1,2.0
VW_CH3-VsAlliance_BO2_1_110_jpg.rf.5e8a7b65967e03c0a344960ffd92d0e5.jpg,1,1.0
470152730-frame-043948_jpg.rf.a4aba8617a3552af3e1a71da71629f7c.jpg,1,1.0
-Vs-Team_BO3_2_282_jpg.rf.2cc0b17df9f76638097e3e8054907ee1.jpg,1,2.0
-Vs-_BO5_2_259_jpg.rf.1e8cb97845c1072fe2e5fba0d7310446.jpg,1,2.0
-Vs-_BO5_2_268_jpg.rf.ff41838b45209d25017d6408a5c97488.jpg,1,2.0
VW_CH3-Vs-_BO2_1_125_jpg.rf.b730f8fd6c9281fec1a6a4b73c71ba3d.jpg,1,2.0
258_jpg.rf.b7784f3b711580bfecf12077154e200e.jpg,1,2.0
VW_CH3-VsAlliance_BO2_1_139_jpg.rf.c5ae8801e359444aa1fd9b79cbfd5c89.jpg,1,2.0
VW_CH3-VsHorizon_BO2_2_143_jpg.rf.abd94fb931432b1f8f93b42c0101a188.jpg,1,2.0
470152730-frame-028450_jpg.rf.c1d7b4a838569e41d14b99b3d88107d2.jpg,1,2.0
VW_CH3-VsHorizon_BO2_2_125_jpg.rf.0bb5a3d527736d5fa6a772118f7dc9ec.jpg,1,1.0
-VsHLL_BO2_2_27_jpg.rf.df639edbc2b86a2db3d183e97eb91ff8.jpg,1,2.0
470151286-frame-026986_jpg.rf.2b671bddeb1c95bcb7d0bb5ed970f50d.jpg,1,1.0
456_jpg.rf.aa3babd60518533046b20077cb8408a4.jpg,1,2.0
VW_CH3-VsHorizon_BO2_2_104_jpg.rf.77d94291910081e209b10dd0dba9c40b.jpg,1,2.0
RobotPilotsVsEvolution_BO5_1_142_jpg.rf.4598deba8a482bd2fe27bce00821b328.jpg,1,2.0
Hello-WorldVs-_BO3_2_211_jpg.rf.70eabb2f2e866d10c465c277d9e33a2b.jpg,1,3.0
EvolutionVs-_BO3_2_60_jpg.rf.f22575b0132c041e5ca5a6af966546d2.jpg,1,1.0
VW_CH3-VsAlliance_BO2_2_30_jpg.rf.dd3667807db41accb48dadc25b70af44.jpg,1,3.0
470151286-frame-040683_jpg.rf.2697c45c054b750761411261eee30041.jpg,1,3.0
470150052-frame-007681_jpg.rf.ada1a857a48998623d6b1fb236722287.jpg,1,3.0
470152289-frame-072655_jpg.rf.2a891d6ee738eb9280e362c3bd2a2956.jpg,1,2.0
470151286-frame-028964_jpg.rf.879fc6af59c8b28ce6f14b33b4c7bfd5.jpg,1,3.0
470152730-frame-071456_jpg.rf.45fa9c151cae731c4b93594028d1de70.jpg,1,2.0
470151286-frame-029190_jpg.rf.9ed2066ab6ba09dbd5fcbcdd5dd8da14.jpg,1,1.0
-Vs-Team_BO3_2_142_jpg.rf.155b4b9d381bcc66860e35ce6f3b7c87.jpg,1,3.0
633_jpg.rf.6351139b30ab4cb2c45579d01d83d3d6.jpg,1,3.0
485_jpg.rf.9a4e3bd362c5df408cd65fdfc8717033.jpg,1,3.0
470152289-frame-073918_jpg.rf.16a7d550ada0abafcb4e09ae62b11701.jpg,1,2.0
Hello-WorldVs-_BO3_2_37_jpg.rf.b4a7bcc0037bf894099d2f3389674a3d.jpg,1,3.0
AllianceVsArtisans_BO2_2_115_jpg.rf.ec9679f1a31177e8ccbb50dbf7f76984.jpg,1,2.0
EvolutionVs-_BO3_2_165_jpg.rf.5b0d620bc3077a0d6fafd1c4e4ee75da.jpg,1,2.0
594_jpg.rf.a559b818b3dcf0fa41597490bddba780.jpg,1,3.0
VW_CH3RoboGrinderVs-_BO2_1_62_jpg.rf.2c560883d6e040af57a18977be31f535.jpg,1,2.0
470152289-frame-070567_jpg.rf.23495917beb8b9c924e431493fe62300.jpg,1,3.0
VW_CH3RoboGrinderVs-_BO2_1_42_jpg.rf.088d6fb809f4c679de967e3b9d123f59.jpg,1,3.0
Hello-WorldVs-_BO3_2_241_jpg.rf.ef652cc92c91422a77cca5cbca4c2a8a.jpg,1,2.0
VW_CH3TOEVsSuper-Power_BO2_1_31_jpg.rf.8a88f89e94c0b0dcc8e463602b41d6dd.jpg,1,2.0
TDTVsI-Hiter_BO5_4_137_jpg.rf.b16559ad90da40ad68b71057dc50cb47.jpg,1,2.0
Hello-WorldVs-_BO3_2_190_jpg.rf.5459c33160a3d51565d0bb87e956b78f.jpg,1,2.0
-VsRobotPilots_BO3_1_34_jpg.rf.6179e6fbf21fe22e9cf95a787e4212e6.jpg,1,1.0
Hello-WorldVs-_BO3_2_191_jpg.rf.94e579d88d5aac7755db9606eb044da6.jpg,1,3.0
470152730-frame-025748_jpg.rf.0df3415eb0daf26a8b07b7f07bf3070d.jpg,1,2.0
612_jpg.rf.79db8798b43fd526259427cba968594c.jpg,1,2.0
470149568-frame-012689_jpg.rf.2453b009b1670026224789e7a6c8a55e.jpg,1,2.0
470152289-frame-070566_jpg.rf.50c7aae683540f9fb44b1fb78fca05b7.jpg,1,3.0
831_jpg.rf.fb8adb00b7f3e5f7587bbeb90eafa803.jpg,1,2.0
470152730-frame-025747_jpg.rf.41669d8b4c57e5eca8b3a4da86bfe901.jpg,1,2.0
470151286-frame-028997_jpg.rf.f4c91825f701d265876d8979e90e7641.jpg,1,2.0
470151286-frame-041322_jpg.rf.5c45445261517e54ac6c1e1a0017ca0b.jpg,1,2.0
574_jpg.rf.e9edcd8d0048c942ecd524219d5548a7.jpg,1,2.0
515_jpg.rf.e9367f70beb801b0bf9984dadd9d0d58.jpg,1,3.0
578_jpg.rf.cf33cea8933879a5bf8396ab769569ca.jpg,1,3.0
470152730-frame-050512_jpg.rf.384af3391a755cd675947a0c71d9fb5c.jpg,1,2.0
VW_CH3TOEVsSuper-Power_BO2_2_68_jpg.rf.6916d6eed7085bf01fd2f38cb5707ff8.jpg,1,3.0
EvolutionVs-_BO3_2_282_jpg.rf.5c0adfab779cce5ebbc68265d7dab0a9.jpg,1,1.0
470152289-frame-031971_jpg.rf.6fdbc1312c8ec6adeec2ea33f809db77.jpg,1,3.0
470152838-frame-036243_jpg.rf.0eb1d448ddd62633f0e17f1c274d964e.jpg,1,2.0
553_jpg.rf.377728692926eaf49b6b0da019eb1a39.jpg,1,3.0
-Vs-_-_BO3_1_178_jpg.rf.4184a7d03742c9fc371255329a5ba4ca.jpg,1,2.0
470151286-frame-067116_jpg.rf.ea051f5d7e0f6c0668368e48dfa20109.jpg,1,2.0
EvolutionVs-_BO3_2_313_jpg.rf.7e8692fef6b95c4510bf598dcc2e6dde.jpg,1,2.0
255_jpg.rf.87c84b6d7e783bb08432d6b314195c9a.jpg,1,2.0
470152838-frame-003544_jpg.rf.42d3b144eaebc651e95723e7ce9ee727.jpg,1,3.0
399_jpg.rf.af0b9e4b128709206298ec4238ed185a.jpg,1,3.0
158_jpg.rf.abb81027172b06ca34fa8f753150bdad.jpg,1,1.0
470152289-frame-036291_jpg.rf.759d73ee2c83da865850dc25f1a56219.jpg,1,3.0
470152289-frame-043948_jpg.rf.d585dbd27f90702abd1e71b8ce86c618.jpg,1,3.0
VW_CH3RoboVigorVsRPS_BO2_2_66_jpg.rf.fa4844d018e9ec323077c76b6ea1e082.jpg,1,3.0
EvolutionVs-_BO3_2_267_jpg.rf.cd85cf2b25284ee70dfe4f8e2a5756b0.jpg,1,1.0
470151286-frame-045358_jpg.rf.2780eca661b0576dba9934ea169ed451.jpg,1,1.0
470151286-frame-044990_jpg.rf.936d3f1b941e8a8a0ef01a0ab7dcee1a.jpg,1,2.0
VW_CH3RoboVigorVsRPS_BO2_2_31_jpg.rf.797da6a55060b6a521d003136b47b1cd.jpg,1,1.0
470151286-frame-078137_jpg.rf.218c2ae6d99ba3b9ae13102692bf292a.jpg,1,1.0
SPRVsTOE_BO3_1_132_jpg.rf.5a691e1bc5fee8e1882db0713be341c2.jpg,1,1.0
470151286-frame-060852_jpg.rf.bf6445b058a997be93ed8d12f742bf32.jpg,1,2.0
727_jpg.rf.8260741ee91a1b8abc0012ce1f4ecc54.jpg,1,1.0
VW_CH3RoboVigorVsRPS_BO2_2_127_jpg.rf.8cf58f7e208cdb54c3a252103b30badd.jpg,1,3.0
470151286-frame-045293_jpg.rf.898197b4dffec9a417d6704bed7f2cf9.jpg,1,2.0
470151286-frame-045002_jpg.rf.f9935fbe76c87277a3826858f7ba4524.jpg,1,1.0
EvolutionVs-_BO3_2_282_jpg.rf.acbad332af6b058c58660fcde07dc0d2.jpg,1,1.0
718_jpg.rf.f19b6739df7076b70c11eda530c27285.jpg,1,2.0
470151286-frame-076442_jpg.rf.374ea31926a77ad184d370a729a4ae38.jpg,1,3.0
700_jpg.rf.ca962b637d960b1c18264ac3d941ba9e.jpg,1,2.0
470151286-frame-045302_jpg.rf.4af705171afa7696b877cf34d70c5d3e.jpg,1,2.0
470152730-frame-071232_jpg.rf.a349caa77e812441d85e5e25d60fd6a4.jpg,1,1.0
698_jpg.rf.84cdf99e032cd1c197d13e4860ff8217.jpg,1,2.0
470151286-frame-060939_jpg.rf.7cba7c67b88ca11634be28f04a3e3785.jpg,1,2.0
VW_CH3TDTVsHERO_BO2_1_14_jpg.rf.62d177298cf1465fc9d640fb14bcb7c7.jpg,1,3.0
TDTVsI-Hiter_BO5_2_235_jpg.rf.4643488c6effc54f02f3fbef0812e86f.jpg,1,2.0
-Vs-_-_BO3_1_180_jpg.rf.65cd2d4683e17256c66ca7dfb97278fd.jpg,1,2.0
TDTVsI-Hiter_BO5_3_373_jpg.rf.553bbc5c62c1d40bd3e4c48d2774b405.jpg,1,2.0
470149568-frame-014340_jpg.rf.7ca9f692c5939d3b7c3968f26848194d.jpg,1,2.0
470149568-frame-015556_jpg.rf.e44196f7b8e343acdfb5e0676bf6ff8a.jpg,1,2.0
TDTVsI-Hiter_BO5_2_172_jpg.rf.9a865b2b2831fb156e8e28526383eda4.jpg,1,1.0
470151286-frame-012754_jpg.rf.fecd1d1c7b4fef97dfdc275fc057463b.jpg,1,2.0
-VsBorn-of-Fire_BO2_1_28_jpg.rf.1b33fa23a3e2c63b925a25df09aa5fdf.jpg,1,3.0
470149568-frame-025051_jpg.rf.f3038d454d297a8016aa0cb703f2d050.jpg,1,3.0
470152289-frame-003815_jpg.rf.59878f02269353a4ca9736902b3ebfda.jpg,1,2.0
753_jpg.rf.6ca619372e7478bde66f9667750c198f.jpg,1,3.0
Hello-WorldVs-_BO3_2_169_jpg.rf.4503b01423a0a7d3f9690d6d1c84f092.jpg,1,2.0
-Vs-_-_BO3_1_179_jpg.rf.e83f2b1ba54d863b43cd3db6e42e9a02.jpg,1,2.0
470151286-frame-011300_jpg.rf.da2cee66d3e4434de03f7be6fdfe6c95.jpg,1,1.0
VW_CH3RoboGrinderVs-_BO2_1_23_jpg.rf.ede754cda786b7c03b8e12f1e0c01f99.jpg,1,2.0
470150052-frame-030892_jpg.rf.649394b64ba9f76f137e8c78ed7b7ef2.jpg,1,1.0
470151286-frame-023754_jpg.rf.3fe089d37da0f8c9b9a8652ea4592768.jpg,1,2.0
VW_CH3-VsAlliance_BO2_2_175_jpg.rf.25955655d19daf8843cb6b14c83a29df.jpg,1,2.0
EvolutionVs-_BO3_2_314_jpg.rf.a081577fc8e46b85067aab32f61b1a06.jpg,1,2.0
470151286-frame-023871_jpg.rf.7a60032bd587fef38016721443e46cf4.jpg,1,2.0
Hello-WorldVs-_BO3_2_176_jpg.rf.8ce7cd3fd807a1e7906803a19750f264.jpg,1,2.0
EvolutionVs-_BO3_2_316_jpg.rf.56a4fe199d844cfb7824f9f56a662aca.jpg,1,2.0
EvolutionVs-_BO3_2_311_jpg.rf.862d16035ea8785463697078f7e9a340.jpg,1,2.0
-Vs-_BO5_2_325_jpg.rf.1b6bbeed066b45a84321543d97dbcfed.jpg,1,2.0
-Vs-_BO5_2_361_jpg.rf.5f98e0dc4e172b9899e8465fe1b15153.jpg,1,2.0
172_jpg.rf.04bb569d19fb8c3dcf9222612a40b731.jpg,1,2.0
470153081-frame-046397_jpg.rf.0f420627f45299bc00b7dbc078094417.jpg,1,3.0
691_jpg.rf.71852b0a25c68244faf4553f3d38bb19.jpg,1,3.0
